ID,Email,First_Name,Last_Name,Password,DOB,Gender,Weight
1,Yossi.Cohen@example.com,Yossi,Cohen,password,1982-11-21,M,193
2,Yossi.Levi@example.com,Yossi,Levi,password,1979-12-20,M,105
3,Yossi.Israeli@example.com,Yossi,Israeli,password,1987-8-21,M,54
4,Yossi.Mizrahi@example.com,Yossi,Mizrahi,password,1983-12-15,M,160
5,Yossi.Perez@example.com,Yossi,Perez,password,1972-5-27,M,112
6,Yossi.Ben-David@example.com,Yossi,Ben-David,password,1980-5-19,M,97
7,Yossi.Shalom@example.com,Yossi,Shalom,password,1976-12-19,M,115
8,Yossi.Golan@example.com,Yossi,Golan,password,1990-1-19,M,100
9,Yossi.Katz@example.com,Yossi,Katz,password,1975-1-11,M,162
10,Yossi.Levy@example.com,Yossi,Levy,password,1981-8-13,M,57
11,Yossi.Bar-Lev@example.com,Yossi,Bar-Lev,password,1972-11-24,M,149
12,Yossi.Shapira@example.com,Yossi,Shapira,password,1973-11-9,M,61
13,Yossi.Sofer@example.com,Yossi,Sofer,password,1998-1-3,M,64
14,Yossi.Shwartz@example.com,Yossi,Shwartz,password,1976-10-5,M,97
15,Avi.Cohen@example.com,Avi,Cohen,password,2000-5-20,M,169
16,Avi.Levi@example.com,Avi,Levi,password,1982-11-23,M,117
17,Avi.Israeli@example.com,Avi,Israeli,password,1980-1-21,M,173
18,Avi.Mizrahi@example.com,Avi,Mizrahi,password,1970-12-3,M,75
19,Avi.Perez@example.com,Avi,Perez,password,1976-8-16,M,140
20,Avi.Ben-David@example.com,Avi,Ben-David,password,2000-11-11,M,85
21,Avi.Shalom@example.com,Avi,Shalom,password,1972-4-23,M,189
22,Avi.Golan@example.com,Avi,Golan,password,1977-8-5,M,173
23,Avi.Katz@example.com,Avi,Katz,password,1992-6-27,M,116
24,Avi.Levy@example.com,Avi,Levy,password,1971-5-27,M,149
25,Avi.Bar-Lev@example.com,Avi,Bar-Lev,password,1988-10-27,M,148
26,Avi.Shapira@example.com,Avi,Shapira,password,1993-8-8,M,61
27,Avi.Sofer@example.com,Avi,Sofer,password,1985-6-24,M,81
28,Avi.Shwartz@example.com,Avi,Shwartz,password,1974-7-11,M,85
29,Daniel.Cohen@example.com,Daniel,Cohen,password,1984-3-18,M,116
30,Daniel.Levi@example.com,Daniel,Levi,password,1987-1-5,M,101
31,Daniel.Israeli@example.com,Daniel,Israeli,password,1991-6-11,M,91
32,Daniel.Mizrahi@example.com,Daniel,Mizrahi,password,1989-9-12,M,116
33,Daniel.Perez@example.com,Daniel,Perez,password,1992-6-15,M,157
34,Daniel.Ben-David@example.com,Daniel,Ben-David,password,1985-12-16,M,75
35,Daniel.Shalom@example.com,Daniel,Shalom,password,1971-2-11,M,173
36,Daniel.Golan@example.com,Daniel,Golan,password,1980-7-9,M,54
37,Daniel.Katz@example.com,Daniel,Katz,password,1989-8-10,M,107
38,Daniel.Levy@example.com,Daniel,Levy,password,1974-9-25,M,107
39,Daniel.Bar-Lev@example.com,Daniel,Bar-Lev,password,1989-5-8,M,139
40,Daniel.Shapira@example.com,Daniel,Shapira,password,1974-4-6,M,137
41,Daniel.Sofer@example.com,Daniel,Sofer,password,1970-2-12,M,92
42,Daniel.Shwartz@example.com,Daniel,Shwartz,password,1976-12-13,M,60
43,Haim.Cohen@example.com,Haim,Cohen,password,1988-8-3,M,116
44,Haim.Levi@example.com,Haim,Levi,password,1998-6-12,M,132
45,Haim.Israeli@example.com,Haim,Israeli,password,1991-2-7,M,126
46,Haim.Mizrahi@example.com,Haim,Mizrahi,password,1977-12-11,M,159
47,Haim.Perez@example.com,Haim,Perez,password,1984-6-11,M,133
48,Haim.Ben-David@example.com,Haim,Ben-David,password,2000-10-24,M,74
49,Haim.Shalom@example.com,Haim,Shalom,password,1972-4-23,M,101
50,Haim.Golan@example.com,Haim,Golan,password,1978-4-13,M,120
51,Haim.Katz@example.com,Haim,Katz,password,1970-7-14,M,103
52,Haim.Levy@example.com,Haim,Levy,password,1977-4-21,M,197
53,Haim.Bar-Lev@example.com,Haim,Bar-Lev,password,1986-7-2,M,158
54,Haim.Shapira@example.com,Haim,Shapira,password,1985-6-4,M,143
55,Haim.Sofer@example.com,Haim,Sofer,password,1973-5-28,M,145
56,Haim.Shwartz@example.com,Haim,Shwartz,password,1971-7-3,M,62
57,David.Cohen@example.com,David,Cohen,password,1973-11-16,M,191
58,David.Levi@example.com,David,Levi,password,1973-6-25,M,92
59,David.Israeli@example.com,David,Israeli,password,1988-6-22,M,185
60,David.Mizrahi@example.com,David,Mizrahi,password,1973-7-3,M,152
61,David.Perez@example.com,David,Perez,password,1987-6-18,M,60
62,David.Ben-David@example.com,David,Ben-David,password,1970-11-27,M,194
63,David.Shalom@example.com,David,Shalom,password,1991-11-4,M,190
64,David.Golan@example.com,David,Golan,password,1986-1-13,M,182
65,David.Katz@example.com,David,Katz,password,1979-12-12,M,159
66,David.Levy@example.com,David,Levy,password,1978-3-25,M,169
67,David.Bar-Lev@example.com,David,Bar-Lev,password,1976-7-26,M,101
68,David.Shapira@example.com,David,Shapira,password,1987-5-27,M,183
69,David.Sofer@example.com,David,Sofer,password,1993-7-3,M,100
70,David.Shwartz@example.com,David,Shwartz,password,1979-7-16,M,125
71,Moshe.Cohen@example.com,Moshe,Cohen,password,1997-9-6,M,199
72,Moshe.Levi@example.com,Moshe,Levi,password,1984-11-13,M,123
73,Moshe.Israeli@example.com,Moshe,Israeli,password,1994-9-6,M,184
74,Moshe.Mizrahi@example.com,Moshe,Mizrahi,password,1978-6-12,M,160
75,Moshe.Perez@example.com,Moshe,Perez,password,1997-2-14,M,166
76,Moshe.Ben-David@example.com,Moshe,Ben-David,password,1997-11-2,M,175
77,Moshe.Shalom@example.com,Moshe,Shalom,password,1978-12-11,M,84
78,Moshe.Golan@example.com,Moshe,Golan,password,1979-9-7,M,133
79,Moshe.Katz@example.com,Moshe,Katz,password,1994-1-3,M,108
80,Moshe.Levy@example.com,Moshe,Levy,password,1971-2-10,M,53
81,Moshe.Bar-Lev@example.com,Moshe,Bar-Lev,password,1987-8-8,M,140
82,Moshe.Shapira@example.com,Moshe,Shapira,password,1978-1-15,M,82
83,Moshe.Sofer@example.com,Moshe,Sofer,password,1976-8-1,M,109
84,Moshe.Shwartz@example.com,Moshe,Shwartz,password,1990-2-15,M,53
85,Samuel.Cohen@example.com,Samuel,Cohen,password,1992-12-14,M,193
86,Samuel.Levi@example.com,Samuel,Levi,password,1977-6-24,M,128
87,Samuel.Israeli@example.com,Samuel,Israeli,password,1999-9-5,M,183
88,Samuel.Mizrahi@example.com,Samuel,Mizrahi,password,1997-7-13,M,130
89,Samuel.Perez@example.com,Samuel,Perez,password,2000-2-25,M,99
90,Samuel.Ben-David@example.com,Samuel,Ben-David,password,1994-7-11,M,175
91,Samuel.Shalom@example.com,Samuel,Shalom,password,1993-4-21,M,153
92,Samuel.Golan@example.com,Samuel,Golan,password,1985-1-18,M,113
93,Samuel.Katz@example.com,Samuel,Katz,password,1971-5-17,M,185
94,Samuel.Levy@example.com,Samuel,Levy,password,1993-6-28,M,154
95,Samuel.Bar-Lev@example.com,Samuel,Bar-Lev,password,1997-2-10,M,105
96,Samuel.Shapira@example.com,Samuel,Shapira,password,1970-3-16,M,69
97,Samuel.Sofer@example.com,Samuel,Sofer,password,1973-3-10,M,69
98,Samuel.Shwartz@example.com,Samuel,Shwartz,password,1978-9-2,M,113
99,Ariel.Cohen@example.com,Ariel,Cohen,password,1998-9-9,M,155
100,Ariel.Levi@example.com,Ariel,Levi,password,1980-12-2,M,137
101,Ariel.Israeli@example.com,Ariel,Israeli,password,1971-10-23,M,168
102,Ariel.Mizrahi@example.com,Ariel,Mizrahi,password,1984-5-10,M,157
103,Ariel.Perez@example.com,Ariel,Perez,password,1997-9-17,M,172
104,Ariel.Ben-David@example.com,Ariel,Ben-David,password,1994-7-10,M,147
105,Ariel.Shalom@example.com,Ariel,Shalom,password,1993-5-23,M,156
106,Ariel.Golan@example.com,Ariel,Golan,password,2000-11-3,M,195
107,Ariel.Katz@example.com,Ariel,Katz,password,1987-5-2,M,184
108,Ariel.Levy@example.com,Ariel,Levy,password,1977-4-17,M,129
109,Ariel.Bar-Lev@example.com,Ariel,Bar-Lev,password,1975-7-1,M,93
110,Ariel.Shapira@example.com,Ariel,Shapira,password,1991-7-22,M,147
111,Ariel.Sofer@example.com,Ariel,Sofer,password,1990-2-26,M,51
112,Ariel.Shwartz@example.com,Ariel,Shwartz,password,1974-1-18,M,171
113,Noam.Cohen@example.com,Noam,Cohen,password,1977-10-13,M,59
114,Noam.Levi@example.com,Noam,Levi,password,1993-6-16,M,147
115,Noam.Israeli@example.com,Noam,Israeli,password,1972-10-3,M,104
116,Noam.Mizrahi@example.com,Noam,Mizrahi,password,1991-7-1,M,101
117,Noam.Perez@example.com,Noam,Perez,password,1983-1-23,M,176
118,Noam.Ben-David@example.com,Noam,Ben-David,password,1979-8-9,M,124
119,Noam.Shalom@example.com,Noam,Shalom,password,1974-3-15,M,52
120,Noam.Golan@example.com,Noam,Golan,password,1998-3-22,M,90
121,Noam.Katz@example.com,Noam,Katz,password,1975-7-28,M,159
122,Noam.Levy@example.com,Noam,Levy,password,1972-8-9,M,85
123,Noam.Bar-Lev@example.com,Noam,Bar-Lev,password,1983-4-18,M,143
124,Noam.Shapira@example.com,Noam,Shapira,password,1996-12-19,M,105
125,Noam.Sofer@example.com,Noam,Sofer,password,1974-12-23,M,114
126,Noam.Shwartz@example.com,Noam,Shwartz,password,1977-9-24,M,133
127,Yosef.Cohen@example.com,Yosef,Cohen,password,1984-12-16,M,155
128,Yosef.Levi@example.com,Yosef,Levi,password,1995-12-27,M,154
129,Yosef.Israeli@example.com,Yosef,Israeli,password,1975-4-16,M,183
130,Yosef.Mizrahi@example.com,Yosef,Mizrahi,password,1993-7-11,M,95
131,Yosef.Perez@example.com,Yosef,Perez,password,1999-8-10,M,136
132,Yosef.Ben-David@example.com,Yosef,Ben-David,password,1971-7-10,M,179
133,Yosef.Shalom@example.com,Yosef,Shalom,password,1984-11-5,M,67
134,Yosef.Golan@example.com,Yosef,Golan,password,1990-5-5,M,143
135,Yosef.Katz@example.com,Yosef,Katz,password,1970-5-8,M,107
136,Yosef.Levy@example.com,Yosef,Levy,password,1973-9-26,M,191
137,Yosef.Bar-Lev@example.com,Yosef,Bar-Lev,password,1996-4-28,M,143
138,Yosef.Shapira@example.com,Yosef,Shapira,password,1973-7-8,M,185
139,Yosef.Sofer@example.com,Yosef,Sofer,password,1998-10-11,M,139
140,Yosef.Shwartz@example.com,Yosef,Shwartz,password,1997-9-2,M,163
141,Adam.Cohen@example.com,Adam,Cohen,password,1987-6-13,M,54
142,Adam.Levi@example.com,Adam,Levi,password,1972-12-17,M,176
143,Adam.Israeli@example.com,Adam,Israeli,password,1988-8-23,M,119
144,Adam.Mizrahi@example.com,Adam,Mizrahi,password,1973-1-10,M,51
145,Adam.Perez@example.com,Adam,Perez,password,2000-5-10,M,65
146,Adam.Ben-David@example.com,Adam,Ben-David,password,1995-8-4,M,129
147,Adam.Shalom@example.com,Adam,Shalom,password,1994-4-15,M,197
148,Adam.Golan@example.com,Adam,Golan,password,1985-9-21,M,125
149,Adam.Katz@example.com,Adam,Katz,password,1975-6-17,M,113
150,Adam.Levy@example.com,Adam,Levy,password,1979-7-2,M,191
151,Adam.Bar-Lev@example.com,Adam,Bar-Lev,password,1971-5-26,M,68
152,Adam.Shapira@example.com,Adam,Shapira,password,1987-7-23,M,88
153,Adam.Sofer@example.com,Adam,Sofer,password,1979-11-15,M,77
154,Adam.Shwartz@example.com,Adam,Shwartz,password,1972-6-5,M,114
155,Yael.Cohen@example.com,Yael,Cohen,password,1993-2-19,F,64
156,Yael.Levi@example.com,Yael,Levi,password,1989-12-27,F,108
157,Yael.Israeli@example.com,Yael,Israeli,password,1972-10-20,F,147
158,Yael.Mizrahi@example.com,Yael,Mizrahi,password,1994-7-1,F,83
159,Yael.Perez@example.com,Yael,Perez,password,1992-6-7,F,130
160,Yael.Ben-David@example.com,Yael,Ben-David,password,1981-11-11,F,162
161,Yael.Shalom@example.com,Yael,Shalom,password,2000-4-14,F,175
162,Yael.Golan@example.com,Yael,Golan,password,1972-5-9,F,102
163,Yael.Katz@example.com,Yael,Katz,password,1981-1-19,F,199
164,Yael.Levy@example.com,Yael,Levy,password,1995-1-3,F,155
165,Yael.Bar-Lev@example.com,Yael,Bar-Lev,password,1989-5-15,F,71
166,Yael.Shapira@example.com,Yael,Shapira,password,1993-4-4,F,81
167,Yael.Sofer@example.com,Yael,Sofer,password,1994-10-8,F,184
168,Yael.Shwartz@example.com,Yael,Shwartz,password,1978-5-14,F,99
169,Ruth.Cohen@example.com,Ruth,Cohen,password,1989-6-4,F,163
170,Ruth.Levi@example.com,Ruth,Levi,password,1970-4-16,F,179
171,Ruth.Israeli@example.com,Ruth,Israeli,password,1974-6-19,F,185
172,Ruth.Mizrahi@example.com,Ruth,Mizrahi,password,1980-2-25,F,97
173,Ruth.Perez@example.com,Ruth,Perez,password,1982-4-19,F,98
174,Ruth.Ben-David@example.com,Ruth,Ben-David,password,1970-9-12,F,149
175,Ruth.Shalom@example.com,Ruth,Shalom,password,1986-11-11,F,135
176,Ruth.Golan@example.com,Ruth,Golan,password,1973-3-15,F,100
177,Ruth.Katz@example.com,Ruth,Katz,password,1982-2-20,F,184
178,Ruth.Levy@example.com,Ruth,Levy,password,1989-10-10,F,96
179,Ruth.Bar-Lev@example.com,Ruth,Bar-Lev,password,1998-6-7,F,56
180,Ruth.Shapira@example.com,Ruth,Shapira,password,1985-5-7,F,187
181,Ruth.Sofer@example.com,Ruth,Sofer,password,1980-9-26,F,132
182,Ruth.Shwartz@example.com,Ruth,Shwartz,password,1984-4-23,F,56
183,Tamar.Cohen@example.com,Tamar,Cohen,password,1984-10-18,F,145
184,Tamar.Levi@example.com,Tamar,Levi,password,1992-12-2,F,200
185,Tamar.Israeli@example.com,Tamar,Israeli,password,1977-6-17,F,113
186,Tamar.Mizrahi@example.com,Tamar,Mizrahi,password,1972-10-24,F,78
187,Tamar.Perez@example.com,Tamar,Perez,password,1991-2-18,F,169
188,Tamar.Ben-David@example.com,Tamar,Ben-David,password,1970-4-2,F,127
189,Tamar.Shalom@example.com,Tamar,Shalom,password,1979-12-16,F,62
190,Tamar.Golan@example.com,Tamar,Golan,password,1975-5-4,F,73
191,Tamar.Katz@example.com,Tamar,Katz,password,1991-11-16,F,145
192,Tamar.Levy@example.com,Tamar,Levy,password,1975-1-24,F,72
193,Tamar.Bar-Lev@example.com,Tamar,Bar-Lev,password,1994-7-27,F,171
194,Tamar.Shapira@example.com,Tamar,Shapira,password,1979-4-4,F,197
195,Tamar.Sofer@example.com,Tamar,Sofer,password,1987-2-27,F,185
196,Tamar.Shwartz@example.com,Tamar,Shwartz,password,1989-10-12,F,143
197,Shira.Cohen@example.com,Shira,Cohen,password,1990-2-27,F,131
198,Shira.Levi@example.com,Shira,Levi,password,1972-5-1,F,120
199,Shira.Israeli@example.com,Shira,Israeli,password,1977-1-27,F,63
200,Shira.Mizrahi@example.com,Shira,Mizrahi,password,1981-1-11,F,165
201,Shira.Perez@example.com,Shira,Perez,password,1988-7-21,F,141
202,Shira.Ben-David@example.com,Shira,Ben-David,password,1989-9-22,F,173
203,Shira.Shalom@example.com,Shira,Shalom,password,1994-5-20,F,152
204,Shira.Golan@example.com,Shira,Golan,password,1989-10-12,F,171
205,Shira.Katz@example.com,Shira,Katz,password,1975-7-20,F,154
206,Shira.Levy@example.com,Shira,Levy,password,1974-5-23,F,118
207,Shira.Bar-Lev@example.com,Shira,Bar-Lev,password,1974-8-9,F,54
208,Shira.Shapira@example.com,Shira,Shapira,password,1980-1-1,F,82
209,Shira.Sofer@example.com,Shira,Sofer,password,1988-7-5,F,145
210,Shira.Shwartz@example.com,Shira,Shwartz,password,1981-8-15,F,155
211,Dana.Cohen@example.com,Dana,Cohen,password,1995-7-2,F,93
212,Dana.Levi@example.com,Dana,Levi,password,1979-4-14,F,67
213,Dana.Israeli@example.com,Dana,Israeli,password,1985-2-22,F,143
214,Dana.Mizrahi@example.com,Dana,Mizrahi,password,1983-4-28,F,62
215,Dana.Perez@example.com,Dana,Perez,password,2000-4-17,F,192
216,Dana.Ben-David@example.com,Dana,Ben-David,password,1992-4-25,F,133
217,Dana.Shalom@example.com,Dana,Shalom,password,1976-11-9,F,143
218,Dana.Golan@example.com,Dana,Golan,password,1993-5-23,F,186
219,Dana.Katz@example.com,Dana,Katz,password,1986-10-3,F,150
220,Dana.Levy@example.com,Dana,Levy,password,1971-2-25,F,150
221,Dana.Bar-Lev@example.com,Dana,Bar-Lev,password,1972-8-25,F,99
222,Dana.Shapira@example.com,Dana,Shapira,password,1988-7-9,F,106
223,Dana.Sofer@example.com,Dana,Sofer,password,1985-12-5,F,53
224,Dana.Shwartz@example.com,Dana,Shwartz,password,1988-6-18,F,166
225,Shani.Cohen@example.com,Shani,Cohen,password,1974-3-15,F,112
226,Shani.Levi@example.com,Shani,Levi,password,1991-5-3,F,95
227,Shani.Israeli@example.com,Shani,Israeli,password,2000-7-2,F,60
228,Shani.Mizrahi@example.com,Shani,Mizrahi,password,1995-10-27,F,195
229,Shani.Perez@example.com,Shani,Perez,password,1995-12-1,F,199
230,Shani.Ben-David@example.com,Shani,Ben-David,password,1978-12-1,F,192
231,Shani.Shalom@example.com,Shani,Shalom,password,1970-5-5,F,179
232,Shani.Golan@example.com,Shani,Golan,password,1979-9-24,F,54
233,Shani.Katz@example.com,Shani,Katz,password,1987-6-26,F,69
234,Shani.Levy@example.com,Shani,Levy,password,1972-3-4,F,125
235,Shani.Bar-Lev@example.com,Shani,Bar-Lev,password,1986-8-25,F,94
236,Shani.Shapira@example.com,Shani,Shapira,password,1992-9-21,F,140
237,Shani.Sofer@example.com,Shani,Sofer,password,1985-2-2,F,77
238,Shani.Shwartz@example.com,Shani,Shwartz,password,1984-10-5,F,66
239,Tali.Cohen@example.com,Tali,Cohen,password,1978-1-28,F,155
240,Tali.Levi@example.com,Tali,Levi,password,1973-2-2,F,163
241,Tali.Israeli@example.com,Tali,Israeli,password,1980-10-4,F,169
242,Tali.Mizrahi@example.com,Tali,Mizrahi,password,1975-9-7,F,98
243,Tali.Perez@example.com,Tali,Perez,password,1976-3-27,F,188
244,Tali.Ben-David@example.com,Tali,Ben-David,password,1997-10-16,F,78
245,Tali.Shalom@example.com,Tali,Shalom,password,1980-10-7,F,88
246,Tali.Golan@example.com,Tali,Golan,password,1985-10-11,F,158
247,Tali.Katz@example.com,Tali,Katz,password,1976-11-18,F,74
248,Tali.Levy@example.com,Tali,Levy,password,1983-6-22,F,115
249,Tali.Bar-Lev@example.com,Tali,Bar-Lev,password,1989-1-6,F,198
250,Tali.Shapira@example.com,Tali,Shapira,password,1977-10-2,F,197
251,Tali.Sofer@example.com,Tali,Sofer,password,1979-2-23,F,151
252,Tali.Shwartz@example.com,Tali,Shwartz,password,1978-7-5,F,126
253,Avigail.Cohen@example.com,Avigail,Cohen,password,1979-8-9,F,94
254,Avigail.Levi@example.com,Avigail,Levi,password,1982-5-14,F,102
255,Avigail.Israeli@example.com,Avigail,Israeli,password,1985-6-9,F,81
256,Avigail.Mizrahi@example.com,Avigail,Mizrahi,password,1999-1-10,F,114
257,Avigail.Perez@example.com,Avigail,Perez,password,1989-11-23,F,114
258,Avigail.Ben-David@example.com,Avigail,Ben-David,password,1996-7-10,F,53
259,Avigail.Shalom@example.com,Avigail,Shalom,password,1993-2-18,F,93
260,Avigail.Golan@example.com,Avigail,Golan,password,1977-2-12,F,76
261,Avigail.Katz@example.com,Avigail,Katz,password,1970-5-1,F,78
262,Avigail.Levy@example.com,Avigail,Levy,password,1979-8-5,F,64
263,Avigail.Bar-Lev@example.com,Avigail,Bar-Lev,password,1977-7-27,F,167
264,Avigail.Shapira@example.com,Avigail,Shapira,password,1997-2-28,F,81
265,Avigail.Sofer@example.com,Avigail,Sofer,password,1978-6-22,F,60
266,Avigail.Shwartz@example.com,Avigail,Shwartz,password,2000-2-9,F,178
267,Sarah.Cohen@example.com,Sarah,Cohen,password,1997-5-24,F,62
268,Sarah.Levi@example.com,Sarah,Levi,password,1988-2-10,F,187
269,Sarah.Israeli@example.com,Sarah,Israeli,password,1987-8-4,F,82
270,Sarah.Mizrahi@example.com,Sarah,Mizrahi,password,1980-11-21,F,98
271,Sarah.Perez@example.com,Sarah,Perez,password,1999-12-11,F,171
272,Sarah.Ben-David@example.com,Sarah,Ben-David,password,1989-1-6,F,109
273,Sarah.Shalom@example.com,Sarah,Shalom,password,1978-2-27,F,131
274,Sarah.Golan@example.com,Sarah,Golan,password,1977-8-8,F,71
275,Sarah.Katz@example.com,Sarah,Katz,password,1993-4-17,F,190
276,Sarah.Levy@example.com,Sarah,Levy,password,1995-9-13,F,57
277,Sarah.Bar-Lev@example.com,Sarah,Bar-Lev,password,1983-12-27,F,71
278,Sarah.Shapira@example.com,Sarah,Shapira,password,2000-3-8,F,63
279,Sarah.Sofer@example.com,Sarah,Sofer,password,1982-2-7,F,116
280,Sarah.Shwartz@example.com,Sarah,Shwartz,password,1991-11-11,F,55
281,Rachel.Cohen@example.com,Rachel,Cohen,password,1981-3-16,F,124
282,Rachel.Levi@example.com,Rachel,Levi,password,1991-2-2,F,93
283,Rachel.Israeli@example.com,Rachel,Israeli,password,1970-12-26,F,173
284,Rachel.Mizrahi@example.com,Rachel,Mizrahi,password,1971-5-7,F,193
285,Rachel.Perez@example.com,Rachel,Perez,password,1995-3-5,F,64
286,Rachel.Ben-David@example.com,Rachel,Ben-David,password,1990-2-8,F,85
287,Rachel.Shalom@example.com,Rachel,Shalom,password,1990-1-21,F,175
288,Rachel.Golan@example.com,Rachel,Golan,password,1970-2-15,F,110
289,Rachel.Katz@example.com,Rachel,Katz,password,1975-4-7,F,105
290,Rachel.Levy@example.com,Rachel,Levy,password,1970-8-19,F,83
291,Rachel.Bar-Lev@example.com,Rachel,Bar-Lev,password,1981-11-11,F,111
292,Rachel.Shapira@example.com,Rachel,Shapira,password,1998-11-13,F,132
293,Rachel.Sofer@example.com,Rachel,Sofer,password,1972-12-14,F,140
294,Rachel.Shwartz@example.com,Rachel,Shwartz,password,1987-6-25,F,115
295,Bar.Cohen@example.com,Bar,Cohen,password,1992-7-11,F,75
296,Bar.Levi@example.com,Bar,Levi,password,1978-1-27,F,166
297,Bar.Israeli@example.com,Bar,Israeli,password,1975-4-5,F,84
298,Bar.Mizrahi@example.com,Bar,Mizrahi,password,1983-2-8,F,119
299,Bar.Perez@example.com,Bar,Perez,password,1997-9-12,F,100
300,Bar.Ben-David@example.com,Bar,Ben-David,password,1974-1-11,F,135
301,Bar.Shalom@example.com,Bar,Shalom,password,1970-5-16,F,60
302,Bar.Golan@example.com,Bar,Golan,password,1980-11-26,F,114
303,Bar.Katz@example.com,Bar,Katz,password,1972-9-8,F,189
304,Bar.Levy@example.com,Bar,Levy,password,1994-11-21,F,190
305,Bar.Bar-Lev@example.com,Bar,Bar-Lev,password,1980-12-26,F,153
306,Bar.Shapira@example.com,Bar,Shapira,password,1988-4-26,F,185
307,Bar.Sofer@example.com,Bar,Sofer,password,1981-4-25,F,98
308,Bar.Shwartz@example.com,Bar,Shwartz,password,1998-12-19,F,52
